"","Vmax","Km","Enz","kcat","kcat_Km"
"1",8.20343449373374e-09,4.29326641314828e-05,4.5e-08,0.182298544305194,4246.15029123044
