"","Vmax","Km","Enz","kcat","kcat_km"
"1",8.03796414617338e-09,4.03677208854164e-05,4.5e-08,0.17862142547052,4424.85782086969
